"Case Number","Case Owner","Account Name","Subject","Installing CSE","Other/Unit Add Credit","Contract Number","Date/Time Closed","Start Date","Contract Duration (months)","# of Unit Adds (sales credit)","# of Unit Adds (other sales credit)","# Total Unit Adds","# of units under contract","Contract Value Currency","Contract Value","FS Team Credit","Contract Type"
"TS21021160027","Vicky Serruys","California Advanced Labeling Inc","SIS NEW AGREEMENT","William Claiborne","","935610","2/8/2021 6:09 PM","2/8/2020","12","1","","1","1","USD","751.00","NE03","Startup"
"TS21021156085","Vicky Serruys","Productos La Finca Inc","new agr, site will send in a new po each quarter","William Gonzalez","","934222","2/11/2021 8:08 PM","2/5/2021","12","1","","1","1","USD","1500.00","NE04","Protective"
"TS21021157515","Vicky Serruys","California Advanced Labeling Inc","SIS RENEWAL","Anthony Conners","","936243","2/4/2021 9:34 AM","2/3/2021","6","1","","1","1","USD","1139.50","NE05","Comprehensive LITE"
"TS21021162677","Vicky Serruys","California Advanced Labeling Inc","SIS NEW AGREEMENT","Edward Martin","","940559","2/11/2021 7:03 PM","2/10/2021","6","2","","2","2","USD","2279.00","NE05","Comprehensive"
"TS21021156372","Vicky Serruys","Sopakco Packaging","unit adds go to chad keehn, add to 943877.  per pam johnson use this po going forward for the whole contract","Chad Keehn","","943877","2/11/2021 8:21 PM","2/5/2021","25","4","","4","16","USD","36000.00","NE05","Comprehensive"
"TS21011153225","Sharon Malczynski","Advance Cutting Solutions Llc","SIS New Agreement - 1 unit add","Eric Arabie","","945800","2/11/2021 9:27 AM","2/5/2021","9","1","","1","1","USD","1429.00","NE06","Startup"
"TS21011143164","Sharon Malczynski","Arglass Yamamura","SIS New Agreement - 6 unit adds","Todd Kadner","","945779","2/1/2021 1:00 PM","2/24/2021","9","6","","6","6","USD","7554.00","NE06","Startup"
"TS21011149746","Sharon Malczynski","The Coca Cola Co","SIS New Agreement - 6 unit adds","George Navarro","","945786","2/2/2021 1:32 PM","2/5/2021","9","6","","6","6","USD","6954.00","NE06","Startup"
"TS21011147742","Sharon Malczynski","Coca-Cola Beverages Florida Llc","SIS New Agreement - 2 unit adds","John Echo","","945784","2/2/2021 9:22 AM","2/5/2021","9","2","","2","2","USD","2720.00","NE06","Startup"
"TS21021156377","Sharon Malczynski","Seemann Composites Inc","SIS New Agreement - 1 unit add","Eric Arabie","","945813","2/8/2021 1:28 PM","2/5/2021","36","1","","1","1","USD","17964.00","NE06","Comprehensive"
"TS21021161603","Sharon Malczynski","Certainteed Llc","SIS New Agreement - 4 unit adds","John Ray","","945839","2/12/2021 8:41 AM","1/15/2021","36","4","","4","4","USD","40320.00","NE06","Comprehensive"
"TS21021157932","Sharon Malczynski","Birchwood Foods","SIS add to existing # 927129 - 2 unit adds","Todd Kadner","","927129","2/10/2021 8:52 AM","2/5/2021","29","2","","2","14","USD","88780.00","NE06","Comprehensive"
"TS21021155408","Sharon Malczynski","Playtex Manufacturing Inc","SIS New Agreement - 3 unit adds","Norvo Cabrera","","945815","2/8/2021 2:53 PM","2/5/2021","24","3","","3","3","USD","23688.00","NE06","Comprehensive"
"TS21021158745","Sharon Malczynski","Certainteed Llc","SIS add to existing # 930531 - 1 unit add","Carl Wilson","","930531","2/9/2021 2:08 PM","2/3/2021","12","1","","1","6","USD","37027.20","NE06","Comprehensive"
"TS21021157337","Sharon Malczynski","Ajm Packaging Corp","SIS New Agreement - 14 unit adds","Jesse Roberts","","945805","2/5/2021 9:37 AM","1/5/2021","24","14","","14","14","USD","61824.00","NE06","Protective"
"TS21011152212","Sharon Malczynski","Scruggs Co","SIS New Agreement - 1 unit add","Todd Kadner","","945787","2/2/2021 3:06 PM","2/5/2021","36","1","","1","1","USD","5004.00","NE06","Protective"
"TS21021155583","Sharon Malczynski","Bausch & Lomb Inc","SIS RENEWAL & 2 unit adds","Remo Gori","","945827","2/9/2021 1:47 PM","2/5/2021","24","2","","2","4","USD","50637.12","NE06","Protective"
"TS21021159797","Sharon Malczynski","Ring Container Technologies","SIS New Agreement - 4 unit adds","Todd Kadner","","945828","2/9/2021 3:03 PM","2/5/2021","24","4","","4","4","USD","9216.00","NE06","Supportive"
"TS21021157363","Vicky Serruys","California Advanced Labeling Inc","SIS NEW AGREEMENT","Richard Mathews","","941926","2/3/2021 6:07 PM","2/3/2021","6","1","","1","1","USD","1139.50","NE07","Comprehensive LITE"
"TS21021157316","Vicky Serruys","Dynomax","SIS NEW AGREEMENT","Emmanuel Edmonds","","945794","2/3/2021 5:50 PM","2/1/2021","36","1","","1","1","USD","11304.00","NE07","Comprehensive"
"TS21021157823","Vicky Serruys","Menasha Packaging Co Llc","SIS NEW AGREEMENT","Fabian Perez","","945799","2/4/2021 8:12 AM","2/1/2021","60","4","","4","4","USD","51120.00","NE07","Comprehensive"
"TS21021156366","Vicky Serruys","Visual Pak Co","SIS NEW AGREEMENT","Terrell Thomas","","945792","2/4/2021 9:36 AM","1/29/2021","36","7","","7","7","USD","70560.00","NE07","Comprehensive"
"TS21021155436","Vicky Serruys","Lsl Industries Inc","SIS NEW AGREEMENT","Alfredo Lopez","","945781","2/1/2021 5:21 PM","1/28/2021","36","3","","3","3","USD","7920.00","NE07","Comprehensive"
"TS21021156397","Vicky Serruys","Technipaq Inc","SIS NEW AGREEMENT","Alfredo Lopez","","945793","2/3/2021 5:15 PM","2/1/2021","36","3","","3","3","USD","37800.00","NE07","Comprehensive"
"TS21021159948","Vicky Serruys","Better Containers","SIS NEW AGREEMENT","Edward A Mazzocchi","","929462","2/8/2021 2:19 PM","2/5/2021","36","3","","3","3","USD","28440.00","NE07","Comprehensive"
"TS21011151627","Sharon Malczynski","Lone Star Bakery Inc","SIS add to existing # 941571 - 1 unit add","Jose Diaz","","941571","2/2/2021 2:33 PM","2/5/2021","36","1","","1","7","USD","80656.40","NE08","Comprehensive"
"TS21011154438","Sharon Malczynski","Wegmann Automotive Usa Inc","SIS CONVERSION - 2 unit adds","Ryan Rampy","","945814","2/8/2021 2:03 PM","2/5/2021","12","2","","2","2","USD","8760.00","NE08","Comprehensive"
"TS21021158925","Sharon Malczynski","Helena Industries Llc","SIS New Agreement - 1 unit add","Todd Kadner","","945833","2/10/2021 3:58 PM","2/5/2021","24","1","","1","1","USD","5784.00","NE08","Protective"
"TS21021159165","Vicky Serruys","California Advanced Labeling Inc","SIS CONVERSION","Eric Marquis","","941567","2/8/2021 4:44 PM","2/5/2021","13","1","","1","1","USD","2468.92","WT01","Comprehensive LITE"
"TS21021155798","Vicky Serruys","Kimberly-Clark Corp","SIS Supersede","Wesley Rhodes","","923848","2/3/2021 12:21 PM","1/5/2021","36","3","","3","12","USD","103032.00","WT01","Comprehensive"
"TS21021155631","Krissy Cassidy","Columbus Manufacturing Inc","SIS Supersede","Steven Beardsley","","945825","2/9/2021 9:24 AM","1/7/2021","12","10","","10","12","USD","14004.00","WT03","Comprehensive"
"TS21021160021","Vicky Serruys","California Advanced Labeling Inc","SIS NEW AGREEMENT","Richard Goodrich","","945816","2/8/2021 5:45 PM","2/8/2021","12","1","","1","1","USD","1450.00","WT03","Comprehensive"
"TS21021155716","Vicky Serruys","Super Store Industries","SIS Supersede","Mayra Ortiz","","945782","2/1/2021 6:12 PM","1/5/2021","36","8","","8","23","USD","202860.00","WT03","Comprehensive"
"TS21021156316","Vicky Serruys","Cargill Meat Solutions Corp","SIS Add to existing","George Chalabian","","937992","2/3/2021 3:11 PM","1/25/2021","23","1","","1","14","USD","2300.00","WT03","Comprehensive"
"TS21021160882","Vicky Serruys","Ball Corp","SIS NEW AGREEMENT","Ryan Romstadt","","903050","2/9/2021 5:16 PM","2/1/2021","60","8","","8","8","USD","46080.00","WT04","Comprehensive"
"TS21021155424","Vicky Serruys","Graham Packaging Lc Lp","SIS NEW AGREEMENT","Vincent Devol","","945780","2/1/2021 4:04 PM","1/7/2021","36","6","","6","13","USD","104125.32","WT04","Comprehensive"
"TS21021158937","Vicky Serruys","Par Sterile Products Llc","SIS NEW AGREEMENT","Timothy Wolanski","","940629","2/8/2021 3:39 PM","11/1/2020","60","4","","4","10","USD","202422.00","WT04","Comprehensive"
"TS21021160887","Vicky Serruys","Gojo Industries Inc","SIS RENEWAL","Shawn Siegrist","","941707","2/9/2021 6:24 PM","2/1/2021","12","12","","12","57","USD","11735.16","WT04","Preventative"
"TS21021154893","Vicky Serruys","Amcor Rigid Packaging Usa Llc","SIS New Agreement  FW: Amcor Rigid Packaging USA, LLC sent a new Purchase Order 9000161960","Genaro Quiles","","938662","2/1/2021 6:55 PM","1/20/2021","24","3","","3","3","USD","32400.00","WT05","Comprehensive"
"TS21021161769","Vicky Serruys","Wells Enterprises Inc","SIS Add to existing","Alexander Ramirez","","943651","2/10/2021 2:39 PM","2/1/2021","5","9","","9","18","","","WT05","Comprehensive"
"TS21021160151","Vicky Serruys","Bys Company","SIS New Agreement","Catarino Mata","","945819","2/9/2021 8:13 PM","2/8/2021","36","1","","1","1","USD","11844.00","WT05","Comprehensive"
"TS21021158099","Vicky Serruys","Johnsonville Sausage Llc","SIS NEW AGREEMENT","David Giller","","945802","2/8/2021 11:28 AM","2/1/2021","36","4","","4","4","USD","30900.24","WT06","Comprehensive"
"TS21021161131","Vicky Serruys","Pinnacle Foods Group Llc","SIS NEW AGREEMENT","Agustin Saavedra","","937433","2/9/2021 8:11 PM","2/1/2021","36","2","","2","2","USD","20880.00","WT06","Comprehensive"
"TS21021158281","Krissy Cassidy","Cargill Meat Solutions Corp","SIS NEW AGREEMENT","Russell Peters","","945801","2/4/2021 4:44 PM","11/5/2020","36","2","","2","2","USD","22608.00","WT06","Comprehensive"
"TS21021160055","Vicky Serruys","United Data Tech Llc","SIS NEW AGREEMENT","Jeffrey Rasch","","945817","2/8/2021 6:38 PM","2/5/2021","24","1","","1","1","USD","9000.00","WT06","Comprehensive"
"TS21011154429","Vicky Serruys","Land O Lakes Inc","SIS NEW AGREEMENT","Michael Fuller","","945768","2/11/2021 5:28 PM","1/5/2021","12","37","","37","37","USD","10680.00","WT06","Supportive"
"TS21021160989","Vicky Serruys","Kerry Canada Inc","SIS Supersede","Martin Barabe","","3125CAN","2/9/2021 7:23 PM","12/1/2020","12","1","","1","3","USD","9360.00","CAN1","Comprehensive"
"TS21021160306","Vicky Serruys","Certainteed Canada Inc","SIS New Agreement","Sanjay Patel","","3594CAN","2/8/2021 7:59 PM","1/5/2021","36","2","","2","2","USD","22320.00","CAN1","Comprehensive"
"TS21021160117","Krissy Cassidy","Canada Candy Company Inc","SIS New Agreement","Mehak Sharma","","3595CAN","2/9/2021 9:47 AM","2/8/2021","24","2","","2","2","USD","14400.00","CAN1","Comprehensive"
"TS21021161198","Vicky Serruys","Prelam Enterprises Ltd Inc","SIS New Agreement","Amar Javaid","","3596CAN","2/10/2021 8:51 AM","2/5/2021","36","1","","1","1","USD","7020.00","CAN1","Protective"
