"Case Number","Case Comments","Contract Number","# of units under contract","Contract Value Currency","Contract Value","Account Name","Shipping City","Shipping State/Province","Date/Time Closed","Case Owner"
"TS21021156107","","930689","","","","","","","2/2/2021 12:00 PM","Vicky Serruys"
"TS20121132449","","944260","","","","","","","2/2/2021 7:45 PM","Karen Graham"
"TS20101096254","processing on TS21011152247","940243","","","","Videojet - United States","New York","New York","2/2/2021 7:46 PM","Krissy Cassidy"
"TS21011150704","","938704","","","","","","","2/2/2021 7:50 PM","Krissy Cassidy"
"TS21021155547","","","","","","","","","2/3/2021 4:09 PM","Vicky Serruys"
"TS21011154230","","926201 / 941656","","","","Videojet - United States","New York","New York","2/5/2021 5:54 PM","Vicky Serruys"
"TS21011153611","","","","","","","","","2/5/2021 9:27 PM","Vicky Serruys"
"TS21021157552","","","","","","","","","2/8/2021 6:49 PM","Vicky Serruys"
"TS21011150643","","","","","","","","","2/10/2021 4:14 PM","Vicky Serruys"
"TS21021162010","","","","","","Avx Filters","Sun Valley","Ca","2/10/2021 7:24 PM","Vicky Serruys"
"TS21021160053","","","","","","","","","2/10/2021 7:37 PM","Vicky Serruys"
