"Work Order Number","Work Order Line Item Number","Status Reason","Product: Item","Product Description","Created Date","Account: Account Name","Ship To Site Number","Billable Amount Currency","Billable Amount","Technician: Name","Service Territory","WOLI Status"
"WO-2005-552427","WOLI-004","SN Move Resolved","","Labor Standard","5/12/2020","Guest Packaging Inc","36468002","USD","533.40","","","Open"
"WO-2007-589137","WOLI-008","","","Labor Standard","7/22/2020","Cacique Inc","100055569","USD","266.70","","","Open"
"WO-2007-587586","WOLI-002","","","Labor Standard","7/21/2020","Ak Tube Llc","10002769","USD","71.75","","","Open"
"WO-2101-748808","WOLI-001","Contract Proposal","","Travel Zone 1 (Upto 100 KMs)","1/26/2021","Authentic Seacoast Distilling Co","102314592","CAD","736.00","Allan Morrison","CAN1","On Hold"
"WO-2101-748808","WOLI-001","Contract Proposal","","Labor Standard","1/26/2021","Authentic Seacoast Distilling Co","102314592","CAD","778.05","Allan Morrison","CAN1","On Hold"
"WO-2102-758151","WOLI-001","Contract Proposal","","Travel Zone 1 (Upto 100 KMs)","2/8/2021","Village Farms Canada Lp","102227436","CAD","184.00","Bin Ke","CAN1","On Hold"
"WO-2102-758151","WOLI-001","Contract Proposal","","Labor Standard","2/8/2021","Village Farms Canada Lp","102227436","CAD","518.70","Bin Ke","CAN1","On Hold"
"WO-2101-749992","WOLI-001","Waiting for PO#","","Travel Zone 1 (Upto 100 KMs)","1/27/2021","Pepsi Bottling Group (Gray Bevrg)","100033446","CAD","184.00","Tracy Madeiros","CAN1","On Hold"
"WO-2101-749992","WOLI-001","Waiting for PO#","","Labor Standard for Laser/Graphics","1/27/2021","Pepsi Bottling Group (Gray Bevrg)","100033446","CAD","1628.00","Tracy Madeiros","CAN1","On Hold"
"WO-2101-751753","WOLI-002","Waiting for PO#","","Labor Standard","2/2/2021","Oliver Olives Inc","100033804","CAD","259.35","Eoin Morrison","CAN1","On Hold"
"WO-2101-740721","WOLI-001","Waiting for PO#","","Labor Standard","1/13/2021","Odan Laboratories","100572937","CAD","518.70","Guy Levesque","CAN1","On Hold"
"WO-2101-748866","WOLI-001","Waiting for PO#","","Labor Standard","1/26/2021","Versapet Inc","102251413","CAD","648.37","Eoin Morrison","CAN1","On Hold"
"WO-2101-748866","WOLI-001","Waiting for PO#","","Travel Zone 1 (Upto 100 KMs)","1/26/2021","Versapet Inc","102251413","CAD","184.00","Eoin Morrison","CAN1","On Hold"
"WO-2012-729836","WOLI-001","Waiting for PO#","","Labor Standard","12/22/2020","Nelmar A Division Of Balcan Plastics Inc","100013410","CAD","518.70","Guy Levesque","CAN1","On Hold"
"WO-2012-729836","WOLI-001","Waiting for PO#","","Travel Zone 1 (Upto 100 KMs)","12/22/2020","Nelmar A Division Of Balcan Plastics Inc","100013410","CAD","184.00","Guy Levesque","CAN1","On Hold"
"WO-2012-732376","WOLI-001","Waiting for PO#","","Travel Zone 1 (Upto 100 KMs)","12/29/2020","Odan Laboratories","100572937","CAD","184.00","Guy Levesque","CAN1","On Hold"
"WO-2012-732376","WOLI-001","Waiting for PO#","","Labor Standard","12/29/2020","Odan Laboratories","100572937","CAD","518.70","Guy Levesque","CAN1","On Hold"
"WO-2101-751753","WOLI-001","Waiting for PO#","","Travel Zone 1 (Upto 100 KMs)","1/29/2021","Oliver Olives Inc","100033804","CAD","184.00","Eoin Morrison","CAN1","On Hold"
"WO-2101-751753","WOLI-001","Waiting for PO#","","Labor Standard","1/29/2021","Oliver Olives Inc","100033804","CAD","648.37","Eoin Morrison","CAN1","On Hold"
"WO-2011-678432","WOLI-001","Waiting for PO#","","Travel No Charge","11/26/2020","Truss Limited Partnership","102480942","CAD","0.00","Casey Mcgrath","CAN1","On Hold"
"WO-2011-678432","WOLI-001","Waiting for PO#","","Labor No Charge","11/26/2020","Truss Limited Partnership","102480942","CAD","0.00","Casey Mcgrath","CAN1","On Hold"
"WO-2101-736628","WOLI-001","SN Not At Account","","Labor Standard","1/6/2021","Sliced Fc Ltd","102455934","CAD","778.05","Howard Rose","CAN1","On Hold"
"WO-2101-736628","WOLI-001","SN Not At Account","","Travel Zone 1 (Upto 100 KMs)","1/6/2021","Sliced Fc Ltd","102455934","CAD","184.00","Howard Rose","CAN1","On Hold"
"WO-2102-753456","WOLI-001","Waiting for PO#","","Labor Standard","2/1/2021","Haddad Bakery","102336354","CAD","518.70","Eoin Morrison","CAN1","On Hold"
"WO-2101-737429","WOLI-001","Waiting for PO#","","Travel Zone 1 (Upto 100 KMs)","1/7/2021","Labatt Brewing Company Limited","102391119","CAD","184.00","Wayne Gee","CAN1","On Hold"
"WO-2101-737429","WOLI-001","Waiting for PO#","","Labor Standard","1/7/2021","Labatt Brewing Company Limited","102391119","CAD","1426.42","Wayne Gee","CAN1","On Hold"
"WO-2102-760716","WOLI-001","Contract Proposal","","Travel Zone 1 (Upto 100 KMs)","2/11/2021","Starplex Scientific","100035519","CAD","184.00","Sanjay Patel","CAN1","On Hold"
"WO-2102-760716","WOLI-001","Contract Proposal","","Labor Standard","2/11/2021","Starplex Scientific","100035519","CAD","518.70","Sanjay Patel","CAN1","On Hold"
"WO-2102-758833","WOLI-001","SN Not At Account","","Labor Standard for Laser/Graphics","2/9/2021","Saand Inc","102343033","CAD","592.00","Rakwinder Ghotra","CAN1","On Hold"
"WO-2102-758833","WOLI-001","SN Not At Account","","Travel Zone 1 (Upto 100 KMs)","2/9/2021","Saand Inc","102343033","CAD","184.00","Rakwinder Ghotra","CAN1","On Hold"
"WO-2101-737429","WOLI-003","Waiting for PO#","","Labor Standard","1/21/2021","Labatt Brewing Company Limited","102391119","CAD","1556.10","Wayne Gee","CAN1","On Hold"
"WO-2101-737429","WOLI-003","Waiting for PO#","","Travel Zone 1 (Upto 100 KMs)","1/21/2021","Labatt Brewing Company Limited","102391119","CAD","184.00","Wayne Gee","CAN1","On Hold"
"WO-2101-737429","WOLI-002","Waiting for PO#","","Travel Zone 1 (Upto 100 KMs)","1/21/2021","Labatt Brewing Company Limited","102391119","CAD","184.00","Wayne Gee","CAN1","On Hold"
"WO-2101-737429","WOLI-002","Waiting for PO#","","Labor Standard","1/21/2021","Labatt Brewing Company Limited","102391119","CAD","1945.12","Wayne Gee","CAN1","On Hold"
"WO-2102-754855","WOLI-001","","","Labor Standard","2/3/2021","General Cable Industries (Quebec)","100034209","CAD","1037.40","Guy Levesque","CAN1","Awaiting Signature"
"WO-2102-754855","WOLI-001","","","Travel Zone 1 (Upto 100 KMs)","2/3/2021","General Cable Industries (Quebec)","100034209","CAD","368.00","Guy Levesque","CAN1","Awaiting Signature"
"WO-2101-747200","WOLI-001","","","Flat rate labor charge for 1000 Series core exchange","1/22/2021","Aliments Ultima Foods Inc","102455748","CAD","667.00","Tracy Madeiros","CAN1","Awaiting Signature"
"WO-2101-747200","WOLI-001","","","Travel Zone 1 (Upto 100 KMs)","1/22/2021","Aliments Ultima Foods Inc","102455748","CAD","184.00","Tracy Madeiros","CAN1","Awaiting Signature"
"WO-2101-749265","WOLI-001","","","Labor Standard","1/26/2021","Bremner Foods","102460158","CAD","518.70","Tracy Madeiros","CAN1","Awaiting Signature"
"WO-2101-749265","WOLI-001","","","Travel Zone 1 (Upto 100 KMs)","1/26/2021","Bremner Foods","102460158","CAD","184.00","Tracy Madeiros","CAN1","Awaiting Signature"
"WO-2012-722310","WOLI-001","","","Labor Standard","12/10/2020","S.C. Johnson Limitee","100034797","CAD","259.35","Guy Levesque","CAN1","Open"
"WO-2101-739180","WOLI-001","Waiting for PO#","","Travel Zone 1 (Upto 100 KMs)","1/11/2021","Rti-Claro Inc.","100635325","CAD","184.00","Guy Levesque","CAN1","Open"
"WO-2101-739180","WOLI-001","Waiting for PO#","","Labor Standard","1/11/2021","Rti-Claro Inc.","100635325","CAD","389.02","Guy Levesque","CAN1","Open"
"WO-2101-739870","WOLI-001","Contract Proposal","","Travel Zone 1 (0-50 miles)","1/12/2021","Ktb Foods Inc","102499721","USD","287.00","Brandon Long","NE01","On Hold"
"WO-2101-739870","WOLI-001","Contract Proposal","","Labor No Charge","1/12/2021","Ktb Foods Inc","102499721","USD","0.00","Brandon Long","NE01","On Hold"
"WO-2101-739870","WOLI-002","Contract Proposal","","Travel Zone 1 (0-50 miles)","1/12/2021","Ktb Foods Inc","102499721","USD","287.00","Brandon Long","NE01","On Hold"
"WO-2101-739870","WOLI-002","Contract Proposal","","Labor Standard","1/12/2021","Ktb Foods Inc","102499721","USD","1148.00","Brandon Long","NE01","On Hold"
"WO-2102-753392","WOLI-001","Contract Proposal","","Travel Zone 1 (0-50 miles)","2/1/2021","Azek Building Products","102469072","USD","861.00","Matthew Wirth","NE01","On Hold"
"WO-2102-753392","WOLI-001","Contract Proposal","","Labor Standard","2/1/2021","Azek Building Products","102469072","USD","1435.00","Matthew Wirth","NE01","On Hold"
"WO-2102-754874","WOLI-003","Contract Proposal","","Travel Zone 2 (> 50 miles)","2/3/2021","Jm Eagle Inc","102439565","USD","532.50","Ronald Miklos","NE01","On Hold"
"WO-2102-754874","WOLI-003","Contract Proposal","","Labor Standard","2/3/2021","Jm Eagle Inc","102439565","USD","1148.00","Ronald Miklos","NE01","On Hold"
"WO-2101-750251","WOLI-001","SN Not At Account","","Travel Zone 2 (> 50 miles)","1/27/2021","California Advanced Labeling Inc","102020342","USD","426.00","Kevin Ellison","NE01","On Hold"
"WO-2101-750251","WOLI-001","SN Not At Account","","Labor Standard","1/27/2021","California Advanced Labeling Inc","102020342","USD","574.00","Kevin Ellison","NE01","On Hold"
"WO-2101-744333","WOLI-001","SN Not At Account","","Travel Zone 1 (0-50 miles)","1/19/2021","Dr Pepper Snapple Group","23319001","USD","287.00","Charles Wagner","NE01","On Hold"
"WO-2101-744333","WOLI-001","SN Not At Account","","Travel Zone 1 (0-50 miles)","1/19/2021","Dr Pepper Snapple Group","23319001","USD","717.50","Charles Wagner","NE01","On Hold"
"WO-2101-747262","WOLI-001","","","Labor Standard","1/22/2021","First Quality Tissue Llc","101562250","USD","574.00","Randy Long","NE01","Awaiting Signature"
"WO-2101-747262","WOLI-001","","","Labor Standard","1/22/2021","First Quality Tissue Llc","101562250","USD","861.00","Randy Long","NE01","Awaiting Signature"
"WO-2101-747262","WOLI-001","","","Travel Zone 2 (> 50 miles)","1/22/2021","First Quality Tissue Llc","101562250","USD","852.00","Randy Long","NE01","Awaiting Signature"
"WO-2101-747262","WOLI-001","","","Travel Zone 2 (> 50 miles)","1/22/2021","First Quality Tissue Llc","101562250","USD","852.00","Randy Long","NE01","Awaiting Signature"
"WO-2101-751945","WOLI-001","","","Travel Zone 1 (0-50 miles)","1/29/2021","Farmers Pride Inc Dba Bell & Evans","101279047","USD","287.00","William Weber","NE01","Awaiting Signature"
"WO-2101-751945","WOLI-001","","","Labor Standard","1/29/2021","Farmers Pride Inc Dba Bell & Evans","101279047","USD","574.00","William Weber","NE01","Awaiting Signature"
"WO-2102-753191","WOLI-001","","","Travel No Charge","2/1/2021","Ideal Snacks Inc","101014908","USD","0.00","Robert Welch","NE03","Awaiting Signature"
"WO-2102-753191","WOLI-001","","","Labor No Charge","2/1/2021","Ideal Snacks Inc","101014908","USD","0.00","Robert Welch","NE03","Awaiting Signature"
"WO-2101-746372","WOLI-002","","","Labor Standard","1/22/2021","Shield Packaging Co Inc","100061627","USD","287.00","William Claiborne","NE03","Awaiting Signature"
"WO-2101-744278","WOLI-001","","","Labor Standard","1/19/2021","Lemaitre Vascular Inc","102300238","USD","574.00","William Claiborne","NE03","Awaiting Signature"
"WO-2101-744278","WOLI-001","","","Travel Zone 1 (0-50 miles)","1/19/2021","Lemaitre Vascular Inc","102300238","USD","574.00","William Claiborne","NE03","Awaiting Signature"
"WO-2101-746372","WOLI-001","","","Labor Standard","1/21/2021","Shield Packaging Co Inc","100061627","USD","287.00","William Claiborne","NE03","Awaiting Signature"
"WO-2009-629276","WOLI-001","","","Travel Zone 2 (> 50 miles)","9/21/2020","Empire Cheese Inc","100505068","USD","426.00","Paul Kaier","NE03","Open"
"WO-2009-629276","WOLI-001","","","Labor Standard","9/21/2020","Empire Cheese Inc","100505068","USD","574.00","Paul Kaier","NE03","Open"
"WO-2102-755145","WOLI-001","","","Travel Zone 1 (0-50 miles)","2/3/2021","Shield Packaging Co Inc","100061627","USD","287.00","William Claiborne","NE03","Open"
"WO-2102-755145","WOLI-001","","","Labor Standard","2/3/2021","Shield Packaging Co Inc","100061627","USD","861.00","William Claiborne","NE03","Open"
"WO-2101-746857","WOLI-001","Contract Proposal","","Labor Standard","1/22/2021","American Spraytech Llc","101184526","USD","861.00","Gary Von Cappeln","NE04","On Hold"
"WO-2101-746857","WOLI-001","Contract Proposal","","Travel Zone 1 (0-50 miles)","1/22/2021","American Spraytech Llc","101184526","USD","287.00","Gary Von Cappeln","NE04","On Hold"
"WO-2007-577477","WOLI-001","Contract Proposal","","Travel Zone 2 (> 50 miles)","7/1/2020","Pall Life Science Puerto Rico Llc","102520568","USD","617.40","Jose Rivera","NE04","On Hold"
"WO-2007-577477","WOLI-001","Contract Proposal","","Labor Standard","7/1/2020","Pall Life Science Puerto Rico Llc","102520568","USD","1600.20","Jose Rivera","NE04","On Hold"
"WO-2101-742525","WOLI-001","Contract Proposal","","Labor Standard","1/15/2021","Biofarma Us Llc","102420805","USD","574.00","Diane Bashore","NE04","On Hold"
"WO-2101-742525","WOLI-001","Contract Proposal","","Travel Zone 1 (0-50 miles)","1/15/2021","Biofarma Us Llc","102420805","USD","287.00","Diane Bashore","NE04","On Hold"
"WO-2101-737015","WOLI-001","SN Not At Account","","Travel Zone 1 (0-50 miles)","1/7/2021","Wayne County Foods Inc","100024083","USD","287.00","Omar De La Vega","NE04","On Hold"
"WO-2101-737015","WOLI-001","SN Not At Account","","Labor Standard","1/7/2021","Wayne County Foods Inc","100024083","USD","1148.00","Omar De La Vega","NE04","On Hold"
"WO-2101-737015","WOLI-002","SN Not At Account","","Labor Standard","1/7/2021","Wayne County Foods Inc","100024083","USD","1148.00","Omar De La Vega","NE04","On Hold"
"WO-2101-749114","WOLI-002","SN Not At Account","","Labor Standard","1/26/2021","Deep Foods Inc","102228907","USD","1435.00","Andrew Sigal","NE04","On Hold"
"WO-2101-749114","WOLI-002","SN Not At Account","","Travel Zone 1 (0-50 miles)","1/26/2021","Deep Foods Inc","102228907","USD","287.00","Andrew Sigal","NE04","On Hold"
"WO-2101-750643","WOLI-002","Contract Proposal","","Travel Zone 1 (0-50 miles)","1/28/2021","Kiss Distribution Corp","100057491","USD","287.00","Diane Bashore","NE04","On Hold"
"WO-2101-750643","WOLI-002","Contract Proposal","","Labor Standard","1/28/2021","Kiss Distribution Corp","100057491","USD","143.50","Diane Bashore","NE04","On Hold"
"WO-2101-750643","WOLI-001","Contract Proposal","","Labor Standard","1/28/2021","Kiss Distribution Corp","100057491","USD","143.50","Diane Bashore","NE04","On Hold"
"WO-2102-757136","WOLI-001","SN Not At Account","","Labor Standard","2/5/2021","Piping Rock Health Products","102432174","USD","861.00","Christopher Zollo","NE04","On Hold"
"WO-2102-757136","WOLI-001","SN Not At Account","","Travel Zone 1 (0-50 miles)","2/5/2021","Piping Rock Health Products","102432174","USD","287.00","Christopher Zollo","NE04","On Hold"
"WO-2102-755847","WOLI-001","","","Labor Standard","2/4/2021","Piping Rock Health Products","102432174","USD","1148.00","Thomas Bennett","NE04","Open"
"WO-2102-755847","WOLI-001","","","Travel Zone 1 (0-50 miles)","2/4/2021","Piping Rock Health Products","102432174","USD","287.00","Thomas Bennett","NE04","Open"
"WO-2102-758181","WOLI-001","Contract Proposal","","Travel Zone 1 (0-50 miles)","2/8/2021","Lotus Bakeries Us Mfg Llc","102477611","USD","287.00","Ramadhan Ngata","NE05","On Hold"
"WO-2102-758181","WOLI-001","Contract Proposal","","Labor Standard","2/8/2021","Lotus Bakeries Us Mfg Llc","102477611","USD","861.00","Ramadhan Ngata","NE05","On Hold"
"WO-2101-752116","WOLI-001","Contract Proposal","","Travel Zone 1 (0-50 miles)","1/29/2021","Southeastern Container Inc","100599202","USD","287.00","Jordan Bosker","NE05","On Hold"
"WO-2101-752116","WOLI-001","Contract Proposal","","Labor Standard","1/29/2021","Southeastern Container Inc","100599202","USD","2583.00","Jordan Bosker","NE05","On Hold"
"WO-2101-746335","WOLI-001","Waiting for PO#","","Labor Standard","1/21/2021","Laticrete International Inc","100964284","USD","1291.50","Jordan Bosker","NE05","On Hold"
"WO-2101-746335","WOLI-001","Waiting for PO#","","Travel Zone 1 (0-50 miles)","1/21/2021","Laticrete International Inc","100964284","USD","287.00","Jordan Bosker","NE05","On Hold"
"WO-2101-746335","WOLI-001","Waiting for PO#","","Travel No Charge","1/21/2021","Laticrete International Inc","100964284","USD","0.00","Jordan Bosker","NE05","On Hold"
"WO-2101-740044","WOLI-001","","","Travel Zone 1 (0-50 miles)","1/12/2021","Plymouth Printing Co Inc","102306602","USD","287.00","Wesley Whitehurst","NE05","Open"
"WO-2101-740044","WOLI-001","","","Labor Standard","1/12/2021","Plymouth Printing Co Inc","102306602","USD","574.00","Wesley Whitehurst","NE05","Open"
"WO-2101-738413","WOLI-001","Contract Proposal","","Travel Zone 1 (0-50 miles)","1/8/2021","Certainteed Llc","101875058","USD","2296.00","John Ray","NE06","On Hold"
"WO-2101-738413","WOLI-001","Contract Proposal","","Labor Standard","1/8/2021","Certainteed Llc","101875058","USD","287.00","John Ray","NE06","On Hold"
"WO-2101-738413","WOLI-002","Contract Proposal","","Labor Standard","1/8/2021","Certainteed Llc","101875058","USD","287.00","John Ray","NE06","On Hold"
"WO-2101-748257","WOLI-001","SN Not At Account","","Travel Zone 1 (0-50 miles)","1/25/2021","Merck Animal Health","101905173","USD","287.00","John Ray","NE06","On Hold"
"WO-2101-748257","WOLI-001","SN Not At Account","","Labor Standard","1/25/2021","Merck Animal Health","101905173","USD","287.00","John Ray","NE06","On Hold"
"WO-2101-748257","WOLI-001","SN Not At Account","","Travel No Charge","1/25/2021","Merck Animal Health","101905173","USD","0.00","John Ray","NE06","On Hold"
"WO-2101-748257","WOLI-001","SN Not At Account","","Labor Standard","1/25/2021","Merck Animal Health","101905173","USD","574.00","John Ray","NE06","On Hold"
"WO-2101-748257","WOLI-001","SN Not At Account","","Flat Rate for PM - DF / DF Plus","1/25/2021","Merck Animal Health","101905173","USD","410.00","John Ray","NE06","On Hold"
"WO-2101-744123","WOLI-001","Contract Proposal","","Travel No Charge","1/19/2021","Ajm Packaging Corp","102294855","USD","0.00","Christopher Jones","NE06","On Hold"
"WO-2101-744123","WOLI-001","Contract Proposal","","Labor Standard","1/19/2021","Ajm Packaging Corp","102294855","USD","287.00","Christopher Jones","NE06","On Hold"
"WO-2102-759631","WOLI-001","Waiting for PO#","","Labor Standard","2/10/2021","Wayne Farms Llc","101827149","USD","574.00","Tristan Higdon","NE06","On Hold"
"WO-2102-759631","WOLI-001","Waiting for PO#","","Expenses Other","2/10/2021","Wayne Farms Llc","101827149","USD","3116.13","Tristan Higdon","NE06","On Hold"
"WO-2102-759631","WOLI-001","Waiting for PO#","","Travel Zone 2 (> 50 miles)","2/10/2021","Wayne Farms Llc","101827149","USD","639.00","Tristan Higdon","NE06","On Hold"
"WO-2101-749995","WOLI-001","Contract Proposal","","Travel Zone 1 (0-50 miles)","1/27/2021","Better Containers","101493725","USD","287.00","Edward Mazzocchi","NE07","On Hold"
"WO-2101-749995","WOLI-001","Contract Proposal","","Labor Standard","1/27/2021","Better Containers","101493725","USD","574.00","Edward Mazzocchi","NE07","On Hold"
"WO-2101-748361","WOLI-001","Contract Proposal","","Labor Standard","1/28/2021","Apak Inc","101680640","USD","287.00","Emmanuel Edmonds","NE07","On Hold"
"WO-2102-757757","WOLI-002","Contract Proposal","","Travel Zone 1 (0-50 miles)","2/8/2021","New Usn Chicago Llc Soluble Packaging Solutions","102506596","USD","287.00","Emmanuel Edmonds","NE07","On Hold"
"WO-2102-757757","WOLI-002","Contract Proposal","","Labor Standard","2/8/2021","New Usn Chicago Llc Soluble Packaging Solutions","102506596","USD","861.00","Emmanuel Edmonds","NE07","On Hold"
"WO-2101-748171","WOLI-002","Contract Proposal","","Labor Standard","1/26/2021","Frito-Lay Inc","100009330","USD","861.00","Eric White","NE08","On Hold"
"WO-2101-748171","WOLI-002","Contract Proposal","","Travel Zone 1 (0-50 miles)","1/26/2021","Frito-Lay Inc","100009330","USD","287.00","Eric White","NE08","On Hold"
"WO-2102-754154","WOLI-001","Contract Proposal","","Labor Standard","2/2/2021","Mcp Tn Llc","102528431","USD","574.00","Willis Woolfork Jr","NE08","On Hold"
"WO-2102-754154","WOLI-001","Contract Proposal","","Travel Zone 1 (0-50 miles)","2/2/2021","Mcp Tn Llc","102528431","USD","287.00","Willis Woolfork Jr","NE08","On Hold"
"WO-2101-744591","WOLI-001","Waiting for PO#","","Labor Standard","1/19/2021","Parker Plastics Inc","102161520","USD","574.00","Andres Troncoso","NE08","On Hold"
"WO-2101-744591","WOLI-001","Waiting for PO#","","Travel Zone 1 (0-50 miles)","1/19/2021","Parker Plastics Inc","102161520","USD","287.00","Andres Troncoso","NE08","On Hold"
"WO-2101-739371","WOLI-001","Contract Proposal","","Travel Zone 1 (0-50 miles)","1/11/2021","Golden State Foods Corp","102533764","USD","287.00","Hoa Nguyen","NE08","On Hold"
"WO-2101-739371","WOLI-001","Contract Proposal","","Labor Standard","1/11/2021","Golden State Foods Corp","102533764","USD","574.00","Hoa Nguyen","NE08","On Hold"
"WO-2101-736635","WOLI-001","Contract Proposal","","Labor Standard","1/6/2021","Beiersdorf Mfg Llc","102489121","USD","717.50","Michael Hardcastle","NE08","On Hold"
"WO-2101-736635","WOLI-001","Contract Proposal","","Travel Zone 2 (> 50 miles)","1/6/2021","Beiersdorf Mfg Llc","102489121","USD","852.00","Michael Hardcastle","NE08","On Hold"
"WO-2012-726087","WOLI-004","SN Not At Account","","Labor Standard","12/18/2020","Nice-Pak Products Inc","102431418","USD","861.00","Willis Woolfork Jr","NE08","On Hold"
"WO-2101-739316","WOLI-001","Contract Proposal","","Labor Standard","1/11/2021","Heb Grocery Co","102467682","USD","574.00","Jason Renz","NE08","On Hold"
"WO-2101-739316","WOLI-001","Contract Proposal","","Travel Zone 1 (0-50 miles)","1/11/2021","Heb Grocery Co","102467682","USD","287.00","Jason Renz","NE08","On Hold"
"WO-2101-741086","WOLI-001","Waiting for PO#","","Travel Zone 1 (0-50 miles)","1/13/2021","Packers Plus Energy Services","102209660","USD","287.00","Joseph Marks","NE08","On Hold"
"WO-2101-741086","WOLI-001","Waiting for PO#","","Labor No Charge","1/13/2021","Packers Plus Energy Services","102209660","USD","0.00","Joseph Marks","NE08","On Hold"
"WO-2101-741086","WOLI-001","Waiting for PO#","","Labor Standard","1/13/2021","Packers Plus Energy Services","102209660","USD","574.00","Joseph Marks","NE08","On Hold"
"WO-2012-718865","WOLI-001","SN Not At Account","","Travel Zone 2 (> 50 miles)","12/4/2020","The Herald Citizen","102521987","USD","213.00","Michael Hardcastle","NE08","On Hold"
"WO-2012-718865","WOLI-001","SN Not At Account","","Labor Standard","12/4/2020","The Herald Citizen","102521987","USD","2296.00","Michael Hardcastle","NE08","On Hold"
"WO-2012-718865","WOLI-001","SN Not At Account","","Labor No Charge","12/4/2020","The Herald Citizen","102521987","USD","0.00","Michael Hardcastle","NE08","On Hold"
"WO-2101-744591","WOLI-003","Waiting for PO#","","Labor Standard","2/1/2021","Parker Plastics Inc","102161520","USD","71.75","Andres Troncoso","NE08","On Hold"
"WO-2101-744591","WOLI-004","Waiting for PO#","","Labor Standard","2/1/2021","Parker Plastics Inc","102161520","USD","71.75","Andres Troncoso","NE08","On Hold"
"WO-2101-744591","WOLI-002","Waiting for PO#","","Labor Standard","2/1/2021","Parker Plastics Inc","102161520","USD","287.00","Andres Troncoso","NE08","On Hold"
"WO-2101-747165","WOLI-001","SN Not At Account","","Travel Zone 2 (> 50 miles)","1/22/2021","Muenster Milling Co","102431436","USD","426.00","Juan Zepeda","NE08","On Hold"
"WO-2101-747165","WOLI-001","SN Not At Account","","Labor Standard","1/22/2021","Muenster Milling Co","102431436","USD","861.00","Juan Zepeda","NE08","On Hold"
"WO-2101-747165","WOLI-001","SN Not At Account","","Travel Zone 2 (> 50 miles)","1/22/2021","Muenster Milling Co","102431436","USD","213.00","Juan Zepeda","NE08","On Hold"
"WO-2101-748171","WOLI-001","Contract Proposal","","Travel Zone 1 (0-50 miles)","1/25/2021","Frito-Lay Inc","100009330","USD","287.00","Eric White","NE08","On Hold"
"WO-2101-748171","WOLI-001","Contract Proposal","","Labor Standard","1/25/2021","Frito-Lay Inc","100009330","USD","574.00","Eric White","NE08","On Hold"
"WO-2101-744191","WOLI-001","Contract Proposal","","Travel Zone 1 (0-50 miles)","1/19/2021","Lipman Produce","102105828","USD","287.00","Hoa Nguyen","NE08","On Hold"
"WO-2101-744191","WOLI-001","Contract Proposal","","Labor Standard","1/19/2021","Lipman Produce","102105828","USD","287.00","Hoa Nguyen","NE08","On Hold"
"WO-2102-759572","WOLI-001","Contract Proposal","","Labor Standard","2/10/2021","De Beukelaer Corp","100581906","USD","574.00","Brian Follett","NE08","On Hold"
"WO-2102-759572","WOLI-001","Contract Proposal","","Travel Zone 1 (0-50 miles)","2/10/2021","De Beukelaer Corp","100581906","USD","861.00","Brian Follett","NE08","On Hold"
"WO-2102-757851","WOLI-001","Waiting for PO#","","Labor Standard","2/8/2021","Team Technologies Inc","100600812","USD","574.00","Kevin Brogan","NE08","On Hold"
"WO-2102-757851","WOLI-001","Waiting for PO#","","Travel Zone 1 (0-50 miles)","2/8/2021","Team Technologies Inc","100600812","USD","574.00","Kevin Brogan","NE08","On Hold"
"WO-2102-756603","WOLI-002","Contract Proposal","","Labor Standard","2/9/2021","Daisy Brand Inc","100025603","USD","1148.00","Hoa Nguyen","NE08","On Hold"
"WO-2101-737748","WOLI-001","","","Travel No Charge","1/7/2021","Univar Solutions Inc","102511528","USD","0.00","Jason Renz","NE08","Awaiting Signature"
"WO-2101-737748","WOLI-001","","","Labor Standard","1/7/2021","Univar Solutions Inc","102511528","USD","574.00","Jason Renz","NE08","Awaiting Signature"
"WO-2101-737748","WOLI-001","","","Labor Standard","1/7/2021","Univar Solutions Inc","102511528","USD","574.00","Jason Renz","NE08","Awaiting Signature"
"WO-2101-737748","WOLI-001","","","Travel Zone 1 (0-50 miles)","1/7/2021","Univar Solutions Inc","102511528","USD","287.00","Jason Renz","NE08","Awaiting Signature"
"WO-2101-734644","WOLI-001","","","Travel Zone 1 (0-50 miles)","1/3/2021","Conagra Grocery Products Co","10006216","USD","574.00","Terry Fields","NE08","Open"
"WO-2101-734644","WOLI-001","","","Labor Standard","1/3/2021","Conagra Grocery Products Co","10006216","USD","287.00","Terry Fields","NE08","Open"
"WO-2101-749918","WOLI-001","","","Travel Zone 1 (0-50 miles)","1/27/2021","Rich Products Corp","102108426","USD","287.00","Joseph Marks","NE08","Open"
"WO-2101-749918","WOLI-001","","","Labor Standard","1/27/2021","Rich Products Corp","102108426","USD","430.50","Joseph Marks","NE08","Open"
"WO-2012-716970","WOLI-001","","","Travel Zone 2 (> 50 miles)","12/2/2020","Southern Belle Dairy Co Inc","10005834","USD","852.00","Terry Fields","NE08","Open"
"WO-2101-751887","WOLI-005","","","Labor Standard","2/9/2021","Dura-Line Corp","102264953","USD","1148.00","Ryan Rampy","NE08","Open"
"WO-2101-751887","WOLI-005","","","Travel Zone 1 (0-50 miles)","2/9/2021","Dura-Line Corp","102264953","USD","574.00","Ryan Rampy","NE08","Open"
"WO-2102-757069","WOLI-001","","","Labor Standard","2/5/2021","Strukmyer Llc","101932410","USD","574.00","Juan Zepeda","NE08","Open"
"WO-2101-734922","WOLI-001","Contract Proposal","","Travel Zone 1 (0-50 miles)","1/4/2021","Marys Harvest Fresh Food Inc","102521582","USD","287.00","Joe Criscione","WT01","On Hold"
"WO-2101-734922","WOLI-001","Contract Proposal","","Labor Standard","1/4/2021","Marys Harvest Fresh Food Inc","102521582","USD","574.00","Joe Criscione","WT01","On Hold"
"WO-2101-749290","WOLI-001","Contract Proposal","","Travel Zone 1 (0-50 miles)","1/26/2021","Marys Harvest Fresh Food Inc","102521582","USD","287.00","Joe Criscione","WT01","On Hold"
"WO-2101-749290","WOLI-001","Contract Proposal","","Labor Standard","1/26/2021","Marys Harvest Fresh Food Inc","102521582","USD","574.00","Joe Criscione","WT01","On Hold"
"WO-2012-725328","WOLI-001","Contract Proposal","","Labor Standard","12/15/2020","Dynamic Blending Specialists","102364829","USD","574.00","Wesley Rhodes","WT01","On Hold"
"WO-2012-725328","WOLI-001","Contract Proposal","","Travel No Charge","12/15/2020","Dynamic Blending Specialists","102364829","USD","0.00","Wesley Rhodes","WT01","On Hold"
"WO-2012-725328","WOLI-001","Contract Proposal","","Travel Zone 1 (0-50 miles)","12/15/2020","Dynamic Blending Specialists","102364829","USD","287.00","Wesley Rhodes","WT01","On Hold"
"WO-2101-745103","WOLI-001","Contract Proposal","","Labor Standard","1/20/2021","Closure Systems International Inc","102031946","USD","1291.50","Wesley Rhodes","WT01","On Hold"
"WO-2101-745103","WOLI-001","Contract Proposal","","Travel No Charge","1/20/2021","Closure Systems International Inc","102031946","USD","0.00","Wesley Rhodes","WT01","On Hold"
"WO-2101-745103","WOLI-001","Contract Proposal","","Travel Zone 1 (0-50 miles)","1/20/2021","Closure Systems International Inc","102031946","USD","287.00","Wesley Rhodes","WT01","On Hold"
"WO-2101-742322","WOLI-001","","","Expenses Other","1/14/2021","Elite Manufacturing Technologies Inc","102066985","USD","1937.70","Wesley Rhodes","WT01","Awaiting Signature"
"WO-2102-753510","WOLI-001","","","Labor Standard","2/1/2021","Integrated Distribution Services Inc","102535934","USD","1578.50","Wesley Rhodes","WT01","Awaiting Signature"
"WO-2102-753510","WOLI-001","","","Travel No Charge","2/1/2021","Integrated Distribution Services Inc","102535934","USD","0.00","Wesley Rhodes","WT01","Awaiting Signature"
"WO-2102-753510","WOLI-001","","","Travel Zone 1 (0-50 miles)","2/1/2021","Integrated Distribution Services Inc","102535934","USD","287.00","Wesley Rhodes","WT01","Awaiting Signature"
"WO-2101-752198","WOLI-002","","","Travel No Charge","1/29/2021","Ballard Manufacturing","101875065","USD","0.00","Wesley Rhodes","WT01","Open"
"WO-2101-752198","WOLI-002","","","Travel Zone 1 (0-50 miles)","1/29/2021","Ballard Manufacturing","101875065","USD","287.00","Wesley Rhodes","WT01","Open"
"WO-2101-752198","WOLI-002","","","Labor Standard","1/29/2021","Ballard Manufacturing","101875065","USD","861.00","Wesley Rhodes","WT01","Open"
"WO-2102-756793","WOLI-001","SN Not At Account","","Travel Zone 2 (> 50 miles)","2/5/2021","Andersen & Sons Shelling Inc","102339263","USD","1065.00","Peter Bruner","WT03","On Hold"
"WO-2102-756793","WOLI-001","SN Not At Account","","Labor Standard","2/5/2021","Andersen & Sons Shelling Inc","102339263","USD","1291.50","Peter Bruner","WT03","On Hold"
"WO-2010-653976","WOLI-001","SN Not At Account","","Labor Standard","10/30/2020","Healing Solutions","102438204","USD","1722.00","Douglas Attarian","WT03","On Hold"
"WO-2010-653976","WOLI-001","SN Not At Account","","Travel No Charge","10/30/2020","Healing Solutions","102438204","USD","0.00","Douglas Attarian","WT03","On Hold"
"WO-2010-653976","WOLI-001","SN Not At Account","","Travel Zone 1 (0-50 miles)","10/30/2020","Healing Solutions","102438204","USD","287.00","Douglas Attarian","WT03","On Hold"
"WO-2010-653976","WOLI-001","SN Not At Account","","Travel No Charge","10/30/2020","Healing Solutions","102438204","USD","0.00","Douglas Attarian","WT03","On Hold"
"WO-2102-754261","WOLI-001","Contract Proposal","","Travel Zone 1 (0-50 miles)","2/2/2021","Safeway Inc","77298301","USD","287.00","Adrian Palomo","WT03","On Hold"
"WO-2102-754261","WOLI-001","Contract Proposal","","Labor Standard","2/2/2021","Safeway Inc","77298301","USD","1435.00","Adrian Palomo","WT03","On Hold"
"WO-2102-753643","WOLI-002","SN Not At Account","","Labor Standard","2/2/2021","Free Flow Wines Llc","102436540","USD","143.50","Clinton Riley","WT03","On Hold"
"WO-2102-754452","WOLI-001","SN Not At Account","","Travel Zone 1 (0-50 miles)","2/2/2021","Diamond Crystal Brands Inc","102372322","USD","287.00","George Chalabian","WT03","On Hold"
"WO-2102-754452","WOLI-001","SN Not At Account","","Labor Standard","2/2/2021","Diamond Crystal Brands Inc","102372322","USD","1148.00","George Chalabian","WT03","On Hold"
"WO-2012-731747","WOLI-001","SN Not At Account","","Travel Zone 1 (0-50 miles)","12/28/2020","Diamond Crystal Brands Inc","102372322","USD","287.00","George Chalabian","WT03","On Hold"
"WO-2012-731747","WOLI-001","SN Not At Account","","Labor Standard","12/28/2020","Diamond Crystal Brands Inc","102372322","USD","1148.00","George Chalabian","WT03","On Hold"
"WO-2101-748048","WOLI-001","Contract Proposal","","Labor Standard","1/25/2021","Misionero Vegetable","101912939","USD","574.00","Steven Beardsley","WT03","On Hold"
"WO-2101-748048","WOLI-001","Contract Proposal","","Travel No Charge","1/25/2021","Misionero Vegetable","101912939","USD","0.00","Steven Beardsley","WT03","On Hold"
"WO-2101-748048","WOLI-001","Contract Proposal","","Travel No Charge","1/25/2021","Misionero Vegetable","101912939","USD","0.00","Steven Beardsley","WT03","On Hold"
"WO-2011-657024","WOLI-001","","","Travel Zone 1 (0-50 miles)","11/4/2020","Spray Labs Llc","102039611","USD","287.00","Douglas Attarian","WT03","Awaiting Signature"
"WO-2011-657024","WOLI-001","","","Labor Standard","11/4/2020","Spray Labs Llc","102039611","USD","574.00","Douglas Attarian","WT03","Awaiting Signature"
"WO-2102-760864","WOLI-001","","","Travel Zone 1 (0-50 miles)","2/11/2021","Pepsi Beverage Company","67498301","USD","287.00","Adrian Palomo","WT03","Open"
"WO-2102-760864","WOLI-001","","","Labor Standard","2/11/2021","Pepsi Beverage Company","67498301","USD","1148.00","Adrian Palomo","WT03","Open"
"WO-2101-749993","WOLI-001","Waiting for PO#","","Labor Standard","1/27/2021","Pepsiamericas Inc","100059058","USD","1722.00","Dwayne Pomeroy","WT04","On Hold"
"WO-2101-749993","WOLI-001","Waiting for PO#","","Travel Zone 1 (0-50 miles)","1/27/2021","Pepsiamericas Inc","100059058","USD","287.00","Dwayne Pomeroy","WT04","On Hold"
"WO-2007-589337","WOLI-003","Contract Proposal","","Labor Standard","7/22/2020","Uckele Health & Nutrition Corp","100012226","USD","71.75","James Trittschler","WT04","On Hold"
"WO-2101-751870","WOLI-001","Waiting for PO#","","Labor Standard","1/29/2021","Playtex Manufacturing Inc","100442446","USD","1722.00","Vincent Devol","WT04","On Hold"
"WO-2101-751870","WOLI-001","Waiting for PO#","","Travel Zone 2 (> 50 miles)","1/29/2021","Playtex Manufacturing Inc","100442446","USD","1278.00","Vincent Devol","WT04","On Hold"
"WO-2011-669275","WOLI-001","SN Not At Account","","Labor Standard","11/11/2020","Access Business Group Llc","22040501","USD","574.00","Jason Moored","WT04","On Hold"
"WO-2011-669275","WOLI-001","SN Not At Account","","Travel Zone 1 (0-50 miles)","11/11/2020","Access Business Group Llc","22040501","USD","287.00","Jason Moored","WT04","On Hold"
"WO-2101-743832","WOLI-002","Waiting for PO#","","Travel Zone 1 (0-50 miles)","1/18/2021","Sugar Creek Packing Co","102270929","USD","287.00","Vincent Devol","WT04","On Hold"
"WO-2101-743832","WOLI-002","Waiting for PO#","","Labor Standard","1/18/2021","Sugar Creek Packing Co","102270929","USD","861.00","Vincent Devol","WT04","On Hold"
"WO-2101-743832","WOLI-002","Waiting for PO#","","Labor Standard","1/18/2021","Sugar Creek Packing Co","102270929","USD","1148.00","Vincent Devol","WT04","On Hold"
"WO-2101-736672","WOLI-001","Contract Proposal","","Travel Zone 2 (> 50 miles)","1/6/2021","Heating & Cooling Products","101982514","USD","639.00","William Breckenridge","WT04","On Hold"
"WO-2101-736672","WOLI-001","Contract Proposal","","Labor Standard","1/6/2021","Heating & Cooling Products","101982514","USD","287.00","William Breckenridge","WT04","On Hold"
"WO-2102-755308","WOLI-001","Waiting for PO#","","Labor Standard","2/3/2021","Heartland Food Products Group","102027095","USD","861.00","Gregory Hollenbeck","WT04","On Hold"
"WO-2102-755308","WOLI-001","Waiting for PO#","","Travel Zone 1 (0-50 miles)","2/3/2021","Heartland Food Products Group","102027095","USD","287.00","Gregory Hollenbeck","WT04","On Hold"
"WO-2102-755208","WOLI-001","Waiting for PO#","","Travel Zone 1 (0-50 miles)","2/3/2021","Tytek Industries Inc","102069481","USD","287.00","Vincent Devol","WT04","On Hold"
"WO-2102-755208","WOLI-001","Waiting for PO#","","Labor Standard","2/3/2021","Tytek Industries Inc","102069481","USD","861.00","Vincent Devol","WT04","On Hold"
"WO-2102-755208","WOLI-001","Waiting for PO#","","Expenses Other","2/3/2021","Tytek Industries Inc","102069481","USD","40.00","Vincent Devol","WT04","On Hold"
"WO-2102-755241","WOLI-002","Waiting for PO#","","Labor Standard","2/3/2021","Heartland Food Products Group","102027095","USD","1435.00","Darrin Brandgard","WT04","On Hold"
"WO-2101-736672","WOLI-003","Contract Proposal","","Labor Standard","1/8/2021","Heating & Cooling Products","101982514","USD","287.00","William Breckenridge","WT04","On Hold"
"WO-2101-736672","WOLI-002","Contract Proposal","","Labor Standard","1/8/2021","Heating & Cooling Products","101982514","USD","287.00","William Breckenridge","WT04","On Hold"
"WO-2101-736672","WOLI-004","Contract Proposal","","Labor Standard","1/8/2021","Heating & Cooling Products","101982514","USD","574.00","William Breckenridge","WT04","On Hold"
"WO-2101-736672","WOLI-004","Contract Proposal","","Travel Zone 2 (> 50 miles)","1/8/2021","Heating & Cooling Products","101982514","USD","639.00","William Breckenridge","WT04","On Hold"
"WO-2101-750764","WOLI-001","SN Not At Account","","Labor Standard","1/28/2021","Raval Usa","101489428","USD","574.00","Andrew Feldpausch","WT04","On Hold"
"WO-2101-750764","WOLI-001","SN Not At Account","","Travel Zone 1 (0-50 miles)","1/28/2021","Raval Usa","101489428","USD","287.00","Andrew Feldpausch","WT04","On Hold"
"WO-2101-750764","WOLI-001","SN Not At Account","","Travel No Charge","1/28/2021","Raval Usa","101489428","USD","0.00","Andrew Feldpausch","WT04","On Hold"
"WO-2101-746145","WOLI-001","Contract Proposal","","Travel Zone 1 (0-50 miles)","1/21/2021","Iron Heart Canning Co","102357918","USD","287.00","Shawn Siegrist","WT04","On Hold"
"WO-2101-746145","WOLI-001","Contract Proposal","","Labor Standard","1/21/2021","Iron Heart Canning Co","102357918","USD","861.00","Shawn Siegrist","WT04","On Hold"
"WO-2102-756714","WOLI-001","SN Not At Account","","Travel No Charge","2/5/2021","Procter & Gamble Co","101436174","USD","0.00","Lucas Serviss","WT04","Awaiting Signature"
"WO-2102-756714","WOLI-001","SN Not At Account","","Labor No Charge","2/5/2021","Procter & Gamble Co","101436174","USD","0.00","Lucas Serviss","WT04","Awaiting Signature"
"WO-2102-756714","WOLI-001","SN Not At Account","","Expenses Other","2/5/2021","Procter & Gamble Co","101436174","USD","1000.00","Lucas Serviss","WT04","Awaiting Signature"
"WO-2102-758649","WOLI-001","","","Travel Zone 1 (0-50 miles)","2/9/2021","The Andersons Inc","10003482","USD","287.00","Ryan Romstadt","WT04","Open"
"WO-2102-758649","WOLI-001","","","Labor Standard","2/9/2021","The Andersons Inc","10003482","USD","1148.00","Ryan Romstadt","WT04","Open"
"WO-2012-729081","WOLI-001","","","Labor No Charge","12/21/2020","Pepsiamericas Inc","100059058","USD","0.00","Dwayne Pomeroy","WT04","Open"
"WO-2012-729081","WOLI-001","","","Travel No Charge","12/21/2020","Pepsiamericas Inc","100059058","USD","0.00","Dwayne Pomeroy","WT04","Open"
"WO-2102-756869","WOLI-001","Contract Proposal","","Labor Standard","2/5/2021","Safeway Inc","100581598","USD","574.00","Patrick Swan","WT05","On Hold"
"WO-2102-756869","WOLI-001","Contract Proposal","","Travel Zone 1 (0-50 miles)","2/5/2021","Safeway Inc","100581598","USD","287.00","Patrick Swan","WT05","On Hold"
"WO-2101-749714","WOLI-001","Contract Proposal","","Travel Zone 2 (> 50 miles)","1/27/2021","Pepsico Inc","102497077","USD","213.00","John Gervais","WT05","On Hold"
"WO-2101-749714","WOLI-001","Contract Proposal","","Labor Standard","1/27/2021","Pepsico Inc","102497077","USD","574.00","John Gervais","WT05","On Hold"
"WO-2102-756729","WOLI-002","Waiting for PO#","","Labor Overtime","2/5/2021","Pacifica Foods Llc","100507993","USD","862.00","Nelson Henley","WT05","On Hold"
"WO-2102-756729","WOLI-002","Waiting for PO#","","Travel Zone 1 (0-50 miles)","2/5/2021","Pacifica Foods Llc","100507993","USD","287.00","Nelson Henley","WT05","On Hold"
"WO-2102-756729","WOLI-001","Waiting for PO#","","Labor Overtime","2/5/2021","Pacifica Foods Llc","100507993","USD","862.00","Nelson Henley","WT05","On Hold"
"WO-2101-748402","WOLI-001","Contract Proposal","","Travel Zone 1 (0-50 miles)","1/25/2021","Bys Company","101778815","USD","287.00","Catarino Mata","WT05","On Hold"
"WO-2101-748402","WOLI-001","Contract Proposal","","Labor Standard","1/25/2021","Bys Company","101778815","USD","574.00","Catarino Mata","WT05","On Hold"
"WO-2101-749303","WOLI-001","Contract Proposal","","Labor Standard","1/26/2021","Sonfarrel Inc","101821707","USD","574.00","Erick Hernandez","WT05","On Hold"
"WO-2101-749303","WOLI-001","Contract Proposal","","Travel Zone 1 (0-50 miles)","1/26/2021","Sonfarrel Inc","101821707","USD","287.00","Erick Hernandez","WT05","On Hold"
"WO-2009-629539","WOLI-003","Waiting for PO#","","Labor Standard","1/28/2021","Permaswage Usa","20865601","USD","574.00","James Reid","WT05","On Hold"
"WO-2102-755964","WOLI-001","Waiting for PO#","","Flat rate labor charge for 1000 Series core exchange","2/4/2021","Qn Labs","102031875","USD","573.30","Catarino Mata","WT05","On Hold"
"WO-2102-755964","WOLI-001","Waiting for PO#","","Travel Zone 1 (0-50 miles)","2/4/2021","Qn Labs","102031875","USD","287.00","Catarino Mata","WT05","On Hold"
"WO-2102-755964","WOLI-001","Waiting for PO#","","Travel No Charge","2/4/2021","Qn Labs","102031875","USD","0.00","Catarino Mata","WT05","On Hold"
"WO-2009-629539","WOLI-001","Waiting for PO#","","Travel Zone 1 (0-50 miles)","9/21/2020","Permaswage Usa","20865601","USD","287.00","James Reid","WT05","On Hold"
"WO-2009-629539","WOLI-001","Waiting for PO#","","Labor Standard","9/21/2020","Permaswage Usa","20865601","USD","287.00","James Reid","WT05","On Hold"
"WO-2101-750146","WOLI-001","Waiting for PO#","","Travel Zone 1 (0-50 miles)","1/27/2021","Best Formulations Inc","102452277","USD","287.00","John Gervais","WT05","On Hold"
"WO-2101-750146","WOLI-001","Waiting for PO#","","Labor Standard","1/27/2021","Best Formulations Inc","102452277","USD","574.00","John Gervais","WT05","On Hold"
"WO-2011-675030","WOLI-001","Waiting for PO#","","Travel No Charge","11/20/2020","B Braun Medical Inc","10001920","USD","0.00","Nelson Henley","WT05","On Hold"
"WO-2011-675030","WOLI-001","Waiting for PO#","","Labor Standard","11/20/2020","B Braun Medical Inc","10001920","USD","574.00","Nelson Henley","WT05","On Hold"
"WO-2011-675030","WOLI-001","Waiting for PO#","","Travel Zone 1 (0-50 miles)","11/20/2020","B Braun Medical Inc","10001920","USD","287.00","Nelson Henley","WT05","On Hold"
"WO-2101-742946","WOLI-001","Waiting for PO#","","Labor Standard","1/15/2021","Follmer Development Inc","27593301","USD","574.00","Patrick Swan","WT05","On Hold"
"WO-2101-742946","WOLI-001","Waiting for PO#","","Travel Zone 1 (0-50 miles)","1/15/2021","Follmer Development Inc","27593301","USD","287.00","Patrick Swan","WT05","On Hold"
"WO-2101-742946","WOLI-001","Waiting for PO#","","Travel No Charge","1/15/2021","Follmer Development Inc","27593301","USD","0.00","Patrick Swan","WT05","On Hold"
"WO-2012-729709","WOLI-001","Contract Proposal","","Labor Standard","12/22/2020","Deluxe Building Products","102452123","USD","574.00","Nelson Henley","WT05","On Hold"
"WO-2012-729709","WOLI-001","Contract Proposal","","Travel Zone 1 (0-50 miles)","12/22/2020","Deluxe Building Products","102452123","USD","287.00","Nelson Henley","WT05","On Hold"
"WO-2101-738382","WOLI-002","Contract Proposal","","Labor Standard","1/8/2021","Cosmetix West","100506715","USD","1435.00","Erick Hernandez","WT05","On Hold"
"WO-2101-738382","WOLI-001","Contract Proposal","","Labor Standard","1/8/2021","Cosmetix West","100506715","USD","861.00","Erick Hernandez","WT05","On Hold"
"WO-2101-738382","WOLI-001","Contract Proposal","","Travel Zone 1 (0-50 miles)","1/8/2021","Cosmetix West","100506715","USD","287.00","Erick Hernandez","WT05","On Hold"
"WO-2101-750839","WOLI-001","Contract Proposal","","Travel Zone 1 (0-50 miles)","1/28/2021","Mammoth Distribution","102533070","USD","287.00","Michael Thorson","WT05","On Hold"
"WO-2101-750839","WOLI-001","Contract Proposal","","Labor Standard","1/28/2021","Mammoth Distribution","102533070","USD","574.00","Michael Thorson","WT05","On Hold"
"WO-2101-751112","WOLI-001","Waiting for PO#","","Travel Zone 1 (0-50 miles)","1/28/2021","F Gavina & Sons Inc","101872612","USD","287.00","Patrick Swan","WT05","On Hold"
"WO-2101-751112","WOLI-001","Waiting for PO#","","Labor Standard","1/28/2021","F Gavina & Sons Inc","101872612","USD","861.00","Patrick Swan","WT05","On Hold"
"WO-2101-746295","WOLI-001","Contract Proposal","","Labor Standard","1/21/2021","Vita Herb Nutriceuticals Inc","102409284","USD","574.00","Scott Sanders","WT05","On Hold"
"WO-2101-746295","WOLI-001","Contract Proposal","","Travel Zone 1 (0-50 miles)","1/21/2021","Vita Herb Nutriceuticals Inc","102409284","USD","287.00","Scott Sanders","WT05","On Hold"
"WO-2009-633080","WOLI-001","","","Labor Standard","9/25/2020","Mauser Packaging Solutions","10002986","USD","533.40","Nelson Henley","WT05","Open"
"WO-2009-633080","WOLI-001","","","Travel Zone 1 (0-50 miles)","9/25/2020","Mauser Packaging Solutions","10002986","USD","280.35","Nelson Henley","WT05","Open"
"WO-2012-732249","WOLI-001","","","Labor Standard","12/29/2020","Church & Dwight","101978573","USD","574.00","Nelson Henley","WT05","Open"
"WO-2012-732249","WOLI-001","","","Travel Zone 1 (0-50 miles)","12/29/2020","Church & Dwight","101978573","USD","287.00","Nelson Henley","WT05","Open"
"WO-2102-756558","WOLI-002","Contract Proposal","","Labor No Charge","2/5/2021","Gold Standard Baking Inc","102374626","USD","0.00","John Seabright","WT06","On Hold"
"WO-2102-756904","WOLI-001","Waiting for PO#","","Travel Zone 2 (> 50 miles)","2/5/2021","Henniges Automotive","102254397","USD","1278.00","Kyle Wiedau","WT06","On Hold"
"WO-2102-756904","WOLI-001","Waiting for PO#","","Labor No Charge","2/5/2021","Henniges Automotive","102254397","USD","0.00","Kyle Wiedau","WT06","On Hold"
"WO-2102-756904","WOLI-001","Waiting for PO#","","Labor Standard","2/5/2021","Henniges Automotive","102254397","USD","574.00","Kyle Wiedau","WT06","On Hold"
"WO-2102-756904","WOLI-001","Waiting for PO#","","Travel No Charge","2/5/2021","Henniges Automotive","102254397","USD","0.00","Kyle Wiedau","WT06","On Hold"
"WO-2101-750020","WOLI-002","Contract Proposal","","Labor No Charge","1/27/2021","Wisconsin Cheese Group","100508445","USD","0.00","Jeffrey Rasch","WT06","On Hold"
"WO-2101-750020","WOLI-002","Contract Proposal","","Labor Standard","1/27/2021","Wisconsin Cheese Group","100508445","USD","861.00","Jeffrey Rasch","WT06","On Hold"
"WO-2101-750020","WOLI-002","Contract Proposal","","Travel No Charge","1/27/2021","Wisconsin Cheese Group","100508445","USD","0.00","Jeffrey Rasch","WT06","On Hold"
"WO-2101-750020","WOLI-002","Contract Proposal","","Travel Zone 1 (0-50 miles)","1/27/2021","Wisconsin Cheese Group","100508445","USD","287.00","Jeffrey Rasch","WT06","On Hold"
"WO-2009-632613","WOLI-001","SN Not At Account","","Travel Zone 1 (0-50 miles)","9/25/2020","Dean Foods Land O Lakes","09392601","USD","1682.10","Clayton Witte","WT06","On Hold"
"WO-2009-632613","WOLI-001","SN Not At Account","","Expenses Lodging","9/25/2020","Dean Foods Land O Lakes","09392601","USD","185.00","Clayton Witte","WT06","On Hold"
"WO-2009-632613","WOLI-001","SN Not At Account","","Labor Standard","9/25/2020","Dean Foods Land O Lakes","09392601","USD","800.10","Clayton Witte","WT06","On Hold"
"WO-2012-729983","WOLI-001","SN Not At Account","","Travel Zone 1 (0-50 miles)","12/22/2020","Dfa Dairy Brands","102529660","USD","287.00","Matthew Bertaud","WT06","On Hold"
"WO-2012-729983","WOLI-001","SN Not At Account","","Labor Standard","12/22/2020","Dfa Dairy Brands","102529660","USD","574.00","Matthew Bertaud","WT06","On Hold"
"WO-2102-755159","WOLI-001","SN Not At Account","","Labor Standard","2/3/2021","City Brewing Co Llc","101958890","USD","1435.00","Michael Fuller","WT06","On Hold"
"WO-2102-755159","WOLI-001","SN Not At Account","","Travel No Charge","2/3/2021","City Brewing Co Llc","101958890","USD","0.00","Michael Fuller","WT06","On Hold"
"WO-2101-751026","WOLI-001","Contract Proposal","","Travel Zone 1 (0-50 miles)","1/28/2021","Ts Food Packaging","102416740","USD","287.00","John Seabright","WT06","On Hold"
"WO-2101-751026","WOLI-001","Contract Proposal","","Labor Standard","1/28/2021","Ts Food Packaging","102416740","USD","574.00","John Seabright","WT06","On Hold"
"WO-2102-755673","WOLI-001","SN Not At Account","","Travel Zone 1 (0-50 miles)","2/4/2021","Bradbury Co Inc","100007543","USD","287.00","Derek Haug","WT06","On Hold"
"WO-2102-755673","WOLI-001","SN Not At Account","","Labor Standard","2/4/2021","Bradbury Co Inc","100007543","USD","1435.00","Derek Haug","WT06","On Hold"
"WO-2010-642931","WOLI-001","","","Travel Zone 2 (> 50 miles)","10/13/2020","Kik Custom Products Inc","67570001","USD","639.00","Robert Flori","WT06","Open"
"WO-2010-642931","WOLI-001","","","Labor Standard","10/13/2020","Kik Custom Products Inc","67570001","USD","574.00","Robert Flori","WT06","Open"
"WO-2102-755074","WOLI-001","","","Labor Standard","2/3/2021","Molson Coors Beverage Co","55540301","USD","861.00","David Giller","WT06","Open"
"WO-2102-755074","WOLI-001","","","Travel Zone 1 (0-50 miles)","2/3/2021","Molson Coors Beverage Co","55540301","USD","287.00","David Giller","WT06","Open"
